﻿Price,Address,Images,Bedrooms,Area,Bathrooms
"$469,999","15015 Sherman Way APT 103, Van Nuys, CA 91405",https://photos.zillowstatic.com/fp/39972b581535e7b9606df90cf11243a2-p_e.jpg,,,
"$10,995,000","16620 Linda Ter, Pacific Palisades, CA 90272",https://photos.zillowstatic.com/fp/c20265c0e4acc3229946d8f13554465b-p_e.jpg,7 bds,"8,000 sqft",9 ba
"$899,000","4115 Glencoe Ave APT 311, Marina Del Rey, CA 90292",https://photos.zillowstatic.com/fp/fcf70228293307b6c985c5b129edfe38-p_e.jpg,,,
"$1,899,500","10341 Wilshire Blvd, Los Angeles, CA 90024",https://photos.zillowstatic.com/fp/764f7350aa4d48f939240e5bd459c8dc-p_e.jpg,,,
"$295,000","5460 White Oak Ave UNIT G202, Los Angeles, CA 91316",https://photos.zillowstatic.com/fp/346cd88b52eca557a0352251db3ca6c3-p_e.jpg,,,
"$599,000","3740 Santa Rosalia Dr APT 319, Los Angeles, CA 90008",https://photos.zillowstatic.com/fp/1db428408a95cf0e8b378b3dd5397ead-p_e.jpg,,,
"$2,200,000","22555 Califa St, Woodland Hills, CA 91367",https://photos.zillowstatic.com/fp/d9bb36fba95012396997a065d462cf03-p_e.jpg,,,
"$1,098,000","1135 Rexford Dr APT 206, Los Angeles, CA 90035",https://photos.zillowstatic.com/fp/b152100f0881dd58ac755d8d62f1598f-p_e.jpg,,,
"$665,000","1111 S Grand Ave APT 1014, Los Angeles, CA 90015",https://photos.zillowstatic.com/fp/ebe32cc4c765df73e5265b782ead6088-p_e.jpg,,,
