{
  "Workflows": [
    {
      "Path": null,
      "SortBy": 0,
      "VariablesSectionElementsOrder": [],
      "ArgumentsSectionElementsOrder": null,
      "ConstantsSectionElementsOrder": null,
      "AddedNamespaces": null
    },
    {
      "Path": "Main.xaml",
      "SortBy": 0,
      "VariablesSectionElementsOrder": [
        "Full_Name&SequenceX_1",
        "Phone_Number&SequenceX_1",
        "flag_place_name&SequenceX_1",
        "flag_phone_Num&SequenceX_1",
        "flag_Name&SequenceX_1",
        "Email_ID&SequenceX_1",
        "placeName&SequenceX_1",
        "Real_Estate_DataTable&Sequence_6"
      ],
      "ArgumentsSectionElementsOrder": [],
      "ConstantsSectionElementsOrder": null,
      "AddedNamespaces": null
    }
  ]
}