﻿Price,Address,Images,Bedrooms,Area,Bathrooms
"$744,990+","Residence V Plan, 65 Degrees",https://photos.zillowstatic.com/fp/f97350e349a8f07580ccd8e0c3f2133a-p_e.jpg,,,
"$619,900","145 Gassman Road, Castle Rock, WA 98611",https://photos.zillowstatic.com/fp/4a079e4bda6117aa921555d373fef89e-p_e.jpg,,,
"$225,000","1713 E Heroy Ave, Spokane, WA 99207",https://photos.zillowstatic.com/fp/2188de61e1f081cbf13d1fcb890d063d-p_e.jpg,2 bds,"1,040 sqft",2 ba
"$280,000","1712 W Fern Drive, Moses Lake, WA 98837",https://photos.zillowstatic.com/fp/e5c43f709c8acfcad8130abe3c7adc81-p_e.jpg,,,
"$359,000","142 Crest Drive, Chelan, WA 98816",https://photos.zillowstatic.com/fp/88b76820c1f037febd918ff4c37da984-p_e.jpg,,,
"$799,999","22 Oceanview lane, Copalis Crossing, WA 98536",https://photos.zillowstatic.com/fp/376006131fe0df06b1539328dd0a80a7-p_e.jpg,,,
"$923,950+","The Mason Plan, Elk Run at Chinook Meadows",https://photos.zillowstatic.com/fp/bbf39ad4e0b402b2007df65abf56e0bd-p_e.jpg,,,
"$577,980+","Harstine Plan, Henderson Park",https://photos.zillowstatic.com/fp/419324886b1f3da9c4d189ebe1d6725f-p_e.jpg,,,
"$545,000","115 Hummingbird Road, East Wenatchee, WA 98802",https://photos.zillowstatic.com/fp/a68ee7beb15c25b4739e842857fb6d61-p_e.jpg,,,
