﻿Price,Address,Images,Bedrooms,Area,Bathrooms
"$1,850,000","2187 Pasetta Dr, Santa Clara, CA 95050",,,,
"$1,499,888","4036 Crandall Cir, Santa Clara, CA 95054",https://photos.zillowstatic.com/fp/36129eb02db01d2b4f0e5d82a55c9e1c-p_e.jpg,,,
"$1,750,000","2027 San Rafael Ct, Santa Clara, CA 95051",https://photos.zillowstatic.com/fp/1f54ae35d29ac9f0a638679dac6807f1-p_e.jpg,3 bds,"1,608 sqft",2 ba
"$1,599,000","3031 Mark Ave, Santa Clara, CA 95051",https://photos.zillowstatic.com/fp/1845dc660337cadd7f886d349c136baf-p_e.jpg,3 bds,"1,237 sqft",2 ba
"$1,799,000","2866 Fresno St, Santa Clara, CA 95051",https://photos.zillowstatic.com/fp/54dfa0d96ffc93e79e01433d20b584a6-p_e.jpg,3 bds,"1,310 sqft",2 ba
"$550,000","151 Buckingham Dr UNIT 236, Santa Clara, CA 95051",https://photos.zillowstatic.com/fp/7745bd437b6868a70b042669790385cb-p_e.jpg,,,
"$559,888","2250 Monroe St APT 135, Santa Clara, CA 95050",https://photos.zillowstatic.com/fp/bb837c13bb26d39e1606ed5ef2ee947f-p_e.jpg,,,
"$1,350,000","3578 Rambla Pl #713, Santa Clara, CA 95051",https://photos.zillowstatic.com/fp/19499affee94116e6a00822fb96eeff4-p_e.jpg,,,
"$1,990,000","2365 Patricia Dr, Santa Clara, CA 95050",https://photos.zillowstatic.com/fp/4294ad87a0ff8657c44e2ae2bf33fc0e-p_e.jpg,3 bds,"1,460 sqft",2 ba
