﻿Price,Bedrooms,Area,Bathrooms,Address,Images
"$189,990",3 bds,"1,920 sqft",2 ba,"101 S Kossuth St, Baltimore, MD 21229",
"$340,000",,,,"4300 Norfolk Ave, Baltimore, MD 21216",
"$649,990+",,,,"Rockland Plan, Locke Landing",https://photos.zillowstatic.com/fp/2f88443b8ee15bf5fedb0630a1898913-p_e.jpg
"$395,000",,,,"304 S Duncan St, Baltimore, MD 21231",
"$860,000",4 bds,"4,370 sqft",4 ba,"2500 Fleet St, Baltimore, MD 21224",
"$150,000",,,,"1101 Saint Paul St UNIT 1809, Baltimore, MD 21202",
"$419,000",,,,"3725 Falls Rd, Baltimore, MD 21211",
"$180,000",,,,"3711 W Franklin St, Baltimore, MD 21229",
"$200,000",,,,"5019 Belair Rd, Baltimore, MD 21206",
